[{"family":"MaterialIcons","fonts":[{"asset":"fonts/MaterialIcons-Regular.otf"}]},{"family":"FontAwesome","fonts":[{"asset":"assets/fonts/FontAwesome.ttf"}]},{"family":"packages/cupertino_icons/CupertinoIcons","fonts":[{"asset":"packages/cupertino_icons/assets/CupertinoIcons.ttf"}]},{"family":"packages/fluent_ui/FluentIcons","fonts":[{"asset":"packages/fluent_ui/fonts/FluentIcons.ttf"}]},{"family":"packages/font_awesome_flutter/FontAwesomeBrands","fonts":[{"weight":400,"asset":"packages/font_awesome_flutter/lib/fonts/fa-brands-400.ttf"}]},{"family":"packages/font_awesome_flutter/FontAwesomeRegular","fonts":[{"weight":400,"asset":"packages/font_awesome_flutter/lib/fonts/fa-regular-400.ttf"}]},{"family":"packages/font_awesome_flutter/FontAwesomeSolid","fonts":[{"weight":900,"asset":"packages/font_awesome_flutter/lib/fonts/fa-solid-900.ttf"}]},{"family":"packages/icons_plus/AntDesign","fonts":[{"asset":"packages/icons_plus/assets/fonts/AntDesign.ttf"}]},{"family":"packages/icons_plus/Bootstrap","fonts":[{"asset":"packages/icons_plus/assets/fonts/Bootstrap.ttf"}]},{"family":"packages/icons_plus/BoxIcons","fonts":[{"asset":"packages/icons_plus/assets/fonts/BoxIcons.ttf"}]},{"family":"packages/icons_plus/Clarity","fonts":[{"asset":"packages/icons_plus/assets/fonts/Clarity.ttf"}]},{"family":"packages/icons_plus/EvaIcons","fonts":[{"asset":"packages/icons_plus/assets/fonts/EvaIcons.ttf"}]},{"family":"packages/icons_plus/FontAwesome","fonts":[{"asset":"packages/icons_plus/assets/fonts/FontAwesome.ttf"}]},{"family":"packages/icons_plus/HeroIcons","fonts":[{"asset":"packages/icons_plus/assets/fonts/HeroIcons.ttf"}]},{"family":"packages/icons_plus/Iconsax","fonts":[{"asset":"packages/icons_plus/assets/fonts/Iconsax.ttf"}]},{"family":"packages/icons_plus/IonIcons","fonts":[{"asset":"packages/icons_plus/assets/fonts/IonIcons.ttf"}]},{"family":"packages/icons_plus/LineAwesome","fonts":[{"asset":"packages/icons_plus/assets/fonts/LineAwesome.ttf"}]},{"family":"packages/icons_plus/MingCute","fonts":[{"asset":"packages/icons_plus/assets/fonts/MingCute.ttf"}]},{"family":"packages/icons_plus/OctIcons","fonts":[{"asset":"packages/icons_plus/assets/fonts/OctIcons.ttf"}]},{"family":"packages/icons_plus/PixelartIcons","fonts":[{"asset":"packages/icons_plus/assets/fonts/PixelArtIcons.ttf"}]},{"family":"packages/icons_plus/TeenyIcons","fonts":[{"asset":"packages/icons_plus/assets/fonts/TeenyIcons.ttf"}]},{"family":"packages/icons_plus/ZondIcons","fonts":[{"asset":"packages/icons_plus/assets/fonts/ZondIcons.ttf"}]},{"family":"packages/yaru/Ubuntu","fonts":[{"weight":300,"asset":"packages/yaru/assets/fonts/Ubuntu-L.ttf"},{"weight":300,"style":"italic","asset":"packages/yaru/assets/fonts/Ubuntu-LI.ttf"},{"weight":400,"asset":"packages/yaru/assets/fonts/Ubuntu-R.ttf"},{"weight":400,"style":"italic","asset":"packages/yaru/assets/fonts/Ubuntu-RI.ttf"},{"weight":500,"asset":"packages/yaru/assets/fonts/Ubuntu-M.ttf"},{"weight":500,"style":"italic","asset":"packages/yaru/assets/fonts/Ubuntu-MI.ttf"},{"weight":700,"asset":"packages/yaru/assets/fonts/Ubuntu-B.ttf"},{"weight":700,"style":"italic","asset":"packages/yaru/assets/fonts/Ubuntu-BI.ttf"}]},{"family":"packages/yaru/YaruIcons","fonts":[{"asset":"packages/yaru/assets/yaru_icons.otf"}]}]